BankName,Rating,EarlyWithDrawalPenalty,APY,MinEarn,MinDeposit,APY_Value
BCU,5.0,—,4.50%,$500,—,4.5
Genisys Credit Union,4.8,90 Days,4.48%,$500,$500,4.48
My eBanc,3.4,90 Days,4.45%,$5k,$5k,4.45
GECU,4.7,90 Days,4.44%,$50,$50,4.44
Colorado Federal Savings Bank,3.6,90 Days,4.40%,$5k,$5k,4.4
Communitywide Federal Credit Union,3.0,—,4.40%,$1k,$1k,4.4
Sallie Mae Bank,3.6,90 Days,4.40%,$2.5k,$2.5k,4.4
Veridian Credit Union,4.1,—,4.40%,$1k,—,4.4
Seattle Bank,4.0,90 Days,4.35%,$1k,$1k,4.35
NexBank,3.2,—,4.35%,$10k,$10k,4.35
USALLIANCE Financial,4.1,180 Days,4.30%,$500,$500,4.3
Tower Federal Credit Union,4.0,—,4.30%,$500,$500,4.3
Lafayette Federal Credit Union,4.1,180 Days,4.28%,$500,$500,4.28
TotalBank,3.6,90 Days,4.25%,$25k,$25k,4.25
Prime Alliance Bank,4.8,30 Days,4.25%,$500,$500,4.25
AmeriCU,3.9,120 Days,4.25%,$500,$500,4.25
ableBanking,2.2,—,4.25%,$5k,$5k,4.25
First Technology Federal Credit Union,5.0,—,4.25%,$500,—,4.25
DC Credit Union,4.1,—,4.22%,$25k,—,4.22
Andrews Federal Credit Union,4.0,90 Days,4.20%,$1k,$1k,4.2
KS StateBank,4.1,180 Days,4.20%,$500,$500,4.2
Mountain America Credit Union,5.0,—,4.20%,$500,—,4.2
First Internet Bank,3.4,180 Days,4.20%,$1k,$1k,4.2
First National Bank of America,4.2,90 Days,4.16%,$1k,$1k,4.16
Peak Bank,4.1,—,4.16%,$1k,—,4.16
Service Credit Union,5.0,—,4.15%,$500,—,4.15
American Bank,4.7,90 Days,4.15%,$500,$500,4.15
Salem Five,2.2,—,4.15%,$10k,—,4.15
All In Credit Union (AL),3.8,—,4.13%,$1k,—,4.13
EverBank,3.8,—,4.10%,$1k,—,4.1
American Heritage Credit Union,3.1,180 Days,4.10%,$1k,$500,4.1
Achieva Credit Union,4.0,—,4.10%,$500,$500,4.1
Velocity Credit Union,4.0,—,4.10%,$1k,$1k,4.1
Self-Help Credit Union,4.5,90 Days,4.08%,$500,$500,4.08
Vision Financial Federal Credit Union,4.7,—,4.07%,$0,—,4.07
Treasury Department Federal Credit Union,4.7,—,4.07%,$500,—,4.07
Loudoun Credit Union,3.8,—,4.06%,$1k,—,4.06
University Federal Credit Union,3.8,—,4.00%,$1k,$1k,4.0
Synchrony Bank,4.6,90 Days,4.00%,$0,$0,4.0
iGObanking,3.8,—,4.00%,$1k,—,4.0
Presidential Bank (MD),3.1,180 Days,4.00%,$1k,$1k,4.0
Northwest Federal Credit Union,3.1,180 Days,4.00%,$1k,$1k,4.0
NASA Federal Credit Union,2.8,182 Days,4.00%,$1k,$1k,4.0
Mid-Atlantic Federal Credit Union,2.8,—,4.00%,$1k,$1k,4.0
Matadors Community Credit Union,2.8,—,4.00%,$1k,$1k,4.0
MainStreet Bank,4.4,90 Days,4.00%,$500,$500,4.0
John Marshall Bank,3.7,180 Days,4.00%,$500,$500,4.0
Capital One,4.6,90 Days,4.00%,$0,$0,4.0
Ideal Credit Union,4.6,90 Days,4.00%,$500,$500,4.0
Hanscom Federal Credit Union,3.8,—,4.00%,$1k,—,4.0
Fort Liberty Federal Credit Union,3.0,90 Days,4.00%,$25k,$25k,4.0
Evergreen Bank Group,4.7,90 Days,4.00%,$500,$500,4.0
Dover Federal Credit Union,4.5,90 Days,4.00%,$500,$500,4.0
Discover®,3.9,180 Days,4.00%,$0,$0,4.0
Credit Human,3.8,180 Days,4.00%,$500,$500,4.0
Citi,4.0,180 Days,4.00%,$0,$500,4.0
Barclays,4.8,90 Days,4.00%,$0,$0,4.0
Apple Federal Credit Union,3.7,180 Days,4.00%,$500,$500,4.0
State Department Federal Credit Union,3.9,180 Days,3.96%,$500,$500,3.96
Northrop Grumman Federal Credit Union,3.0,90 Days,3.95%,$2.5k,$2.5k,3.95
Latino Credit Union,4.3,90 Days,3.95%,$500,$500,3.95
Armed Forces Bank,3.2,365 Days,3.95%,$500,$500,3.95
Affinity Plus Federal Credit Union,3.7,180 Days,3.90%,$500,$500,3.9
Chevron Federal Credit Union,3.6,—,3.90%,$500,$500,3.9
Ally Bank,4.6,60 Days,3.85%,$0,$0,3.85
American Express®,3.5,270 Days,3.85%,$0,$0,3.85
Financial Partners Credit Union,2.6,—,3.85%,$1k,$1k,3.85
SkyPoint Federal Credit Union,3.5,—,3.85%,$1k,$1k,3.85
Topside Federal Credit Union,4.6,—,3.85%,$100,$100,3.85
Hughes Federal Credit Union,3.7,90 Days,3.82%,$1k,$1k,3.82
State Bank of Texas (SBT),4.1,—,3.80%,$1k,$50k,3.8
The Bank of Romney,4.4,—,3.80%,$500,—,3.8
